FileName,SetNum,RepNum,Model,AgentStepTime,NumAgents,Neighbors,FractionInformed,AvoidRadius,AlignRadius,AttractRadius,AlignYIntercept,ObstacleRadius,ObsVisibility,TurnRate,AvoidWeight,AlignWeight,AttractWeight,ObstacleWeight,MeanGoalTime,MedianGoalTime,NumSucceed,SuccessRate,NumMovedBackwards,NumEscaped
/Users/helen/Documents/JSMFpostdoc/projects/collectiveMovementAndObstacles/Obstacle-avoiding-agents/data/data20201020/ParameterSet148/Rep1.mat,1,1,0,0.01,10,7,1,1,5,10,0.6,1,1,2,1,1,1,1,NaN,NaN,0,0,0,0
/Users/helen/Documents/JSMFpostdoc/projects/collectiveMovementAndObstacles/Obstacle-avoiding-agents/data/data20201020/ParameterSet148/Rep10.mat,1,2,0,0.01,10,7,1,1,5,10,0.6,1,1,2,1,1,1,1,NaN,NaN,0,0,0,0
/Users/helen/Documents/JSMFpostdoc/projects/collectiveMovementAndObstacles/Obstacle-avoiding-agents/data/data20201020/ParameterSet148/Rep11.mat,1,3,0,0.01,10,7,1,1,5,10,0.6,1,1,2,1,1,1,1,NaN,NaN,0,0,0,0
/Users/helen/Documents/JSMFpostdoc/projects/collectiveMovementAndObstacles/Obstacle-avoiding-agents/data/data20201020/ParameterSet148/Rep12.mat,1,4,0,0.01,10,7,1,1,5,10,0.6,1,1,2,1,1,1,1,NaN,NaN,0,0,0,0
/Users/helen/Documents/JSMFpostdoc/projects/collectiveMovementAndObstacles/Obstacle-avoiding-agents/data/data20201020/ParameterSet148/Rep13.mat,1,5,0,0.01,10,7,1,1,5,10,0.6,1,1,2,1,1,1,1,256.129999999912,256.129999999912,1,0.1,0,1
/Users/helen/Documents/JSMFpostdoc/projects/collectiveMovementAndObstacles/Obstacle-avoiding-agents/data/data20201020/ParameterSet148/Rep14.mat,1,6,0,0.01,10,7,1,1,5,10,0.6,1,1,2,1,1,1,1,NaN,NaN,0,0,0,0
/Users/helen/Documents/JSMFpostdoc/projects/collectiveMovementAndObstacles/Obstacle-avoiding-agents/data/data20201020/ParameterSet148/Rep15.mat,1,7,0,0.01,10,7,1,1,5,10,0.6,1,1,2,1,1,1,1,NaN,NaN,0,0,0,0
/Users/helen/Documents/JSMFpostdoc/projects/collectiveMovementAndObstacles/Obstacle-avoiding-agents/data/data20201020/ParameterSet148/Rep16.mat,1,8,0,0.01,10,7,1,1,5,10,0.6,1,1,2,1,1,1,1,NaN,NaN,0,0,0,0
/Users/helen/Documents/JSMFpostdoc/projects/collectiveMovementAndObstacles/Obstacle-avoiding-agents/data/data20201020/ParameterSet148/Rep17.mat,1,9,0,0.01,10,7,1,1,5,10,0.6,1,1,2,1,1,1,1,NaN,NaN,0,0,0,0
/Users/helen/Documents/JSMFpostdoc/projects/collectiveMovementAndObstacles/Obstacle-avoiding-agents/data/data20201020/ParameterSet148/Rep18.mat,1,10,0,0.01,10,7,1,1,5,10,0.6,1,1,2,1,1,1,1,NaN,NaN,0,0,0,0
/Users/helen/Documents/JSMFpostdoc/projects/collectiveMovementAndObstacles/Obstacle-avoiding-agents/data/data20201020/ParameterSet148/Rep19.mat,1,11,0,0.01,10,7,1,1,5,10,0.6,1,1,2,1,1,1,1,NaN,NaN,0,0,0,0
/Users/helen/Documents/JSMFpostdoc/projects/collectiveMovementAndObstacles/Obstacle-avoiding-agents/data/data20201020/ParameterSet148/Rep2.mat,1,12,0,0.01,10,7,1,1,5,10,0.6,1,1,2,1,1,1,1,NaN,NaN,0,0,0,0
/Users/helen/Documents/JSMFpostdoc/projects/collectiveMovementAndObstacles/Obstacle-avoiding-agents/data/data20201020/ParameterSet148/Rep20.mat,1,13,0,0.01,10,7,1,1,5,10,0.6,1,1,2,1,1,1,1,NaN,NaN,0,0,0,0
/Users/helen/Documents/JSMFpostdoc/projects/collectiveMovementAndObstacles/Obstacle-avoiding-agents/data/data20201020/ParameterSet148/Rep21.mat,1,14,0,0.01,10,7,1,1,5,10,0.6,1,1,2,1,1,1,1,NaN,NaN,0,0,0,0
/Users/helen/Documents/JSMFpostdoc/projects/collectiveMovementAndObstacles/Obstacle-avoiding-agents/data/data20201020/ParameterSet148/Rep22.mat,1,15,0,0.01,10,7,1,1,5,10,0.6,1,1,2,1,1,1,1,NaN,NaN,0,0,0,0
/Users/helen/Documents/JSMFpostdoc/projects/collectiveMovementAndObstacles/Obstacle-avoiding-agents/data/data20201020/ParameterSet148/Rep23.mat,1,16,0,0.01,10,7,1,1,5,10,0.6,1,1,2,1,1,1,1,NaN,NaN,0,0,0,0
/Users/helen/Documents/JSMFpostdoc/projects/collectiveMovementAndObstacles/Obstacle-avoiding-agents/data/data20201020/ParameterSet148/Rep24.mat,1,17,0,0.01,10,7,1,1,5,10,0.6,1,1,2,1,1,1,1,NaN,NaN,0,0,0,0
/Users/helen/Documents/JSMFpostdoc/projects/collectiveMovementAndObstacles/Obstacle-avoiding-agents/data/data20201020/ParameterSet148/Rep25.mat,1,18,0,0.01,10,7,1,1,5,10,0.6,1,1,2,1,1,1,1,NaN,NaN,0,0,0,0
/Users/helen/Documents/JSMFpostdoc/projects/collectiveMovementAndObstacles/Obstacle-avoiding-agents/data/data20201020/ParameterSet148/Rep26.mat,1,19,0,0.01,10,7,1,1,5,10,0.6,1,1,2,1,1,1,1,NaN,NaN,0,0,0,0
/Users/helen/Documents/JSMFpostdoc/projects/collectiveMovementAndObstacles/Obstacle-avoiding-agents/data/data20201020/ParameterSet148/Rep27.mat,1,20,0,0.01,10,7,1,1,5,10,0.6,1,1,2,1,1,1,1,NaN,NaN,0,0,0,0
/Users/helen/Documents/JSMFpostdoc/projects/collectiveMovementAndObstacles/Obstacle-avoiding-agents/data/data20201020/ParameterSet148/Rep28.mat,1,21,0,0.01,10,7,1,1,5,10,0.6,1,1,2,1,1,1,1,NaN,NaN,0,0,0,0
/Users/helen/Documents/JSMFpostdoc/projects/collectiveMovementAndObstacles/Obstacle-avoiding-agents/data/data20201020/ParameterSet148/Rep29.mat,1,22,0,0.01,10,7,1,1,5,10,0.6,1,1,2,1,1,1,1,NaN,NaN,0,0,0,0
/Users/helen/Documents/JSMFpostdoc/projects/collectiveMovementAndObstacles/Obstacle-avoiding-agents/data/data20201020/ParameterSet148/Rep3.mat,1,23,0,0.01,10,7,1,1,5,10,0.6,1,1,2,1,1,1,1,NaN,NaN,0,0,0,0
/Users/helen/Documents/JSMFpostdoc/projects/collectiveMovementAndObstacles/Obstacle-avoiding-agents/data/data20201020/ParameterSet148/Rep30.mat,1,24,0,0.01,10,7,1,1,5,10,0.6,1,1,2,1,1,1,1,NaN,NaN,0,0,0,0
/Users/helen/Documents/JSMFpostdoc/projects/collectiveMovementAndObstacles/Obstacle-avoiding-agents/data/data20201020/ParameterSet148/Rep31.mat,1,25,0,0.01,10,7,1,1,5,10,0.6,1,1,2,1,1,1,1,NaN,NaN,0,0,0,0
/Users/helen/Documents/JSMFpostdoc/projects/collectiveMovementAndObstacles/Obstacle-avoiding-agents/data/data20201020/ParameterSet148/Rep32.mat,1,26,0,0.01,10,7,1,1,5,10,0.6,1,1,2,1,1,1,1,NaN,NaN,0,0,0,0
/Users/helen/Documents/JSMFpostdoc/projects/collectiveMovementAndObstacles/Obstacle-avoiding-agents/data/data20201020/ParameterSet148/Rep33.mat,1,27,0,0.01,10,7,1,1,5,10,0.6,1,1,2,1,1,1,1,NaN,NaN,0,0,0,0
/Users/helen/Documents/JSMFpostdoc/projects/collectiveMovementAndObstacles/Obstacle-avoiding-agents/data/data20201020/ParameterSet148/Rep34.mat,1,28,0,0.01,10,7,1,1,5,10,0.6,1,1,2,1,1,1,1,NaN,NaN,0,0,0,0
/Users/helen/Documents/JSMFpostdoc/projects/collectiveMovementAndObstacles/Obstacle-avoiding-agents/data/data20201020/ParameterSet148/Rep35.mat,1,29,0,0.01,10,7,1,1,5,10,0.6,1,1,2,1,1,1,1,NaN,NaN,0,0,0,0
/Users/helen/Documents/JSMFpostdoc/projects/collectiveMovementAndObstacles/Obstacle-avoiding-agents/data/data20201020/ParameterSet148/Rep36.mat,1,30,0,0.01,10,7,1,1,5,10,0.6,1,1,2,1,1,1,1,NaN,NaN,0,0,0,0
/Users/helen/Documents/JSMFpostdoc/projects/collectiveMovementAndObstacles/Obstacle-avoiding-agents/data/data20201020/ParameterSet148/Rep37.mat,1,31,0,0.01,10,7,1,1,5,10,0.6,1,1,2,1,1,1,1,NaN,NaN,0,0,0,0
/Users/helen/Documents/JSMFpostdoc/projects/collectiveMovementAndObstacles/Obstacle-avoiding-agents/data/data20201020/ParameterSet148/Rep38.mat,1,32,0,0.01,10,7,1,1,5,10,0.6,1,1,2,1,1,1,1,NaN,NaN,0,0,0,0
/Users/helen/Documents/JSMFpostdoc/projects/collectiveMovementAndObstacles/Obstacle-avoiding-agents/data/data20201020/ParameterSet148/Rep39.mat,1,33,0,0.01,10,7,1,1,5,10,0.6,1,1,2,1,1,1,1,NaN,NaN,0,0,0,0
/Users/helen/Documents/JSMFpostdoc/projects/collectiveMovementAndObstacles/Obstacle-avoiding-agents/data/data20201020/ParameterSet148/Rep4.mat,1,34,0,0.01,10,7,1,1,5,10,0.6,1,1,2,1,1,1,1,NaN,NaN,0,0,0,0
/Users/helen/Documents/JSMFpostdoc/projects/collectiveMovementAndObstacles/Obstacle-avoiding-agents/data/data20201020/ParameterSet148/Rep40.mat,1,35,0,0.01,10,7,1,1,5,10,0.6,1,1,2,1,1,1,1,NaN,NaN,0,0,0,0
/Users/helen/Documents/JSMFpostdoc/projects/collectiveMovementAndObstacles/Obstacle-avoiding-agents/data/data20201020/ParameterSet148/Rep41.mat,1,36,0,0.01,10,7,1,1,5,10,0.6,1,1,2,1,1,1,1,NaN,NaN,0,0,0,0
/Users/helen/Documents/JSMFpostdoc/projects/collectiveMovementAndObstacles/Obstacle-avoiding-agents/data/data20201020/ParameterSet148/Rep42.mat,1,37,0,0.01,10,7,1,1,5,10,0.6,1,1,2,1,1,1,1,NaN,NaN,0,0,0,0
/Users/helen/Documents/JSMFpostdoc/projects/collectiveMovementAndObstacles/Obstacle-avoiding-agents/data/data20201020/ParameterSet148/Rep43.mat,1,38,0,0.01,10,7,1,1,5,10,0.6,1,1,2,1,1,1,1,NaN,NaN,0,0,0,0
/Users/helen/Documents/JSMFpostdoc/projects/collectiveMovementAndObstacles/Obstacle-avoiding-agents/data/data20201020/ParameterSet148/Rep44.mat,1,39,0,0.01,10,7,1,1,5,10,0.6,1,1,2,1,1,1,1,NaN,NaN,0,0,0,0
/Users/helen/Documents/JSMFpostdoc/projects/collectiveMovementAndObstacles/Obstacle-avoiding-agents/data/data20201020/ParameterSet148/Rep45.mat,1,40,0,0.01,10,7,1,1,5,10,0.6,1,1,2,1,1,1,1,NaN,NaN,0,0,0,0
/Users/helen/Documents/JSMFpostdoc/projects/collectiveMovementAndObstacles/Obstacle-avoiding-agents/data/data20201020/ParameterSet148/Rep46.mat,1,41,0,0.01,10,7,1,1,5,10,0.6,1,1,2,1,1,1,1,NaN,NaN,0,0,0,0
/Users/helen/Documents/JSMFpostdoc/projects/collectiveMovementAndObstacles/Obstacle-avoiding-agents/data/data20201020/ParameterSet148/Rep47.mat,1,42,0,0.01,10,7,1,1,5,10,0.6,1,1,2,1,1,1,1,NaN,NaN,0,0,0,0
/Users/helen/Documents/JSMFpostdoc/projects/collectiveMovementAndObstacles/Obstacle-avoiding-agents/data/data20201020/ParameterSet148/Rep48.mat,1,43,0,0.01,10,7,1,1,5,10,0.6,1,1,2,1,1,1,1,NaN,NaN,0,0,0,0
/Users/helen/Documents/JSMFpostdoc/projects/collectiveMovementAndObstacles/Obstacle-avoiding-agents/data/data20201020/ParameterSet148/Rep49.mat,1,44,0,0.01,10,7,1,1,5,10,0.6,1,1,2,1,1,1,1,NaN,NaN,0,0,0,0
/Users/helen/Documents/JSMFpostdoc/projects/collectiveMovementAndObstacles/Obstacle-avoiding-agents/data/data20201020/ParameterSet148/Rep5.mat,1,45,0,0.01,10,7,1,1,5,10,0.6,1,1,2,1,1,1,1,NaN,NaN,0,0,0,0
/Users/helen/Documents/JSMFpostdoc/projects/collectiveMovementAndObstacles/Obstacle-avoiding-agents/data/data20201020/ParameterSet148/Rep50.mat,1,46,0,0.01,10,7,1,1,5,10,0.6,1,1,2,1,1,1,1,NaN,NaN,0,0,0,0
/Users/helen/Documents/JSMFpostdoc/projects/collectiveMovementAndObstacles/Obstacle-avoiding-agents/data/data20201020/ParameterSet148/Rep6.mat,1,47,0,0.01,10,7,1,1,5,10,0.6,1,1,2,1,1,1,1,294.129999999877,294.129999999877,1,0.1,0,1
/Users/helen/Documents/JSMFpostdoc/projects/collectiveMovementAndObstacles/Obstacle-avoiding-agents/data/data20201020/ParameterSet148/Rep7.mat,1,48,0,0.01,10,7,1,1,5,10,0.6,1,1,2,1,1,1,1,NaN,NaN,0,0,0,0
/Users/helen/Documents/JSMFpostdoc/projects/collectiveMovementAndObstacles/Obstacle-avoiding-agents/data/data20201020/ParameterSet148/Rep8.mat,1,49,0,0.01,10,7,1,1,5,10,0.6,1,1,2,1,1,1,1,NaN,NaN,0,0,0,0
/Users/helen/Documents/JSMFpostdoc/projects/collectiveMovementAndObstacles/Obstacle-avoiding-agents/data/data20201020/ParameterSet148/Rep9.mat,1,50,0,0.01,10,7,1,1,5,10,0.6,1,1,2,1,1,1,1,191.709999999971,191.709999999971,1,0.1,0,1
/Users/helen/Documents/JSMFpostdoc/projects/collectiveMovementAndObstacles/Obstacle-avoiding-agents/data/data20201020/ParameterSet149/Rep1.mat,2,1,0,0.01,10,7,1,1,5,10,0.6,1,1,2,1,2,1,1,NaN,NaN,0,0,0,0
/Users/helen/Documents/JSMFpostdoc/projects/collectiveMovementAndObstacles/Obstacle-avoiding-agents/data/data20201020/ParameterSet149/Rep10.mat,2,2,0,0.01,10,7,1,1,5,10,0.6,1,1,2,1,2,1,1,NaN,NaN,0,0,0,0
/Users/helen/Documents/JSMFpostdoc/projects/collectiveMovementAndObstacles/Obstacle-avoiding-agents/data/data20201020/ParameterSet149/Rep11.mat,2,3,0,0.01,10,7,1,1,5,10,0.6,1,1,2,1,2,1,1,NaN,NaN,0,0,0,0
/Users/helen/Documents/JSMFpostdoc/projects/collectiveMovementAndObstacles/Obstacle-avoiding-agents/data/data20201020/ParameterSet149/Rep12.mat,2,4,0,0.01,10,7,1,1,5,10,0.6,1,1,2,1,2,1,1,NaN,NaN,0,0,0,0
/Users/helen/Documents/JSMFpostdoc/projects/collectiveMovementAndObstacles/Obstacle-avoiding-agents/data/data20201020/ParameterSet149/Rep13.mat,2,5,0,0.01,10,7,1,1,5,10,0.6,1,1,2,1,2,1,1,NaN,NaN,0,0,0,0
/Users/helen/Documents/JSMFpostdoc/projects/collectiveMovementAndObstacles/Obstacle-avoiding-agents/data/data20201020/ParameterSet149/Rep14.mat,2,6,0,0.01,10,7,1,1,5,10,0.6,1,1,2,1,2,1,1,NaN,NaN,0,0,0,0
/Users/helen/Documents/JSMFpostdoc/projects/collectiveMovementAndObstacles/Obstacle-avoiding-agents/data/data20201020/ParameterSet149/Rep15.mat,2,7,0,0.01,10,7,1,1,5,10,0.6,1,1,2,1,2,1,1,NaN,NaN,0,0,0,0
/Users/helen/Documents/JSMFpostdoc/projects/collectiveMovementAndObstacles/Obstacle-avoiding-agents/data/data20201020/ParameterSet149/Rep16.mat,2,8,0,0.01,10,7,1,1,5,10,0.6,1,1,2,1,2,1,1,NaN,NaN,0,0,0,0
/Users/helen/Documents/JSMFpostdoc/projects/collectiveMovementAndObstacles/Obstacle-avoiding-agents/data/data20201020/ParameterSet149/Rep17.mat,2,9,0,0.01,10,7,1,1,5,10,0.6,1,1,2,1,2,1,1,NaN,NaN,0,0,0,0
/Users/helen/Documents/JSMFpostdoc/projects/collectiveMovementAndObstacles/Obstacle-avoiding-agents/data/data20201020/ParameterSet149/Rep18.mat,2,10,0,0.01,10,7,1,1,5,10,0.6,1,1,2,1,2,1,1,NaN,NaN,0,0,0,0
/Users/helen/Documents/JSMFpostdoc/projects/collectiveMovementAndObstacles/Obstacle-avoiding-agents/data/data20201020/ParameterSet149/Rep19.mat,2,11,0,0.01,10,7,1,1,5,10,0.6,1,1,2,1,2,1,1,NaN,NaN,0,0,0,0
/Users/helen/Documents/JSMFpostdoc/projects/collectiveMovementAndObstacles/Obstacle-avoiding-agents/data/data20201020/ParameterSet149/Rep2.mat,2,12,0,0.01,10,7,1,1,5,10,0.6,1,1,2,1,2,1,1,NaN,NaN,0,0,0,0
/Users/helen/Documents/JSMFpostdoc/projects/collectiveMovementAndObstacles/Obstacle-avoiding-agents/data/data20201020/ParameterSet149/Rep20.mat,2,13,0,0.01,10,7,1,1,5,10,0.6,1,1,2,1,2,1,1,NaN,NaN,0,0,0,0
/Users/helen/Documents/JSMFpostdoc/projects/collectiveMovementAndObstacles/Obstacle-avoiding-agents/data/data20201020/ParameterSet149/Rep21.mat,2,14,0,0.01,10,7,1,1,5,10,0.6,1,1,2,1,2,1,1,NaN,NaN,0,0,0,0
/Users/helen/Documents/JSMFpostdoc/projects/collectiveMovementAndObstacles/Obstacle-avoiding-agents/data/data20201020/ParameterSet149/Rep22.mat,2,15,0,0.01,10,7,1,1,5,10,0.6,1,1,2,1,2,1,1,NaN,NaN,0,0,0,0
/Users/helen/Documents/JSMFpostdoc/projects/collectiveMovementAndObstacles/Obstacle-avoiding-agents/data/data20201020/ParameterSet149/Rep23.mat,2,16,0,0.01,10,7,1,1,5,10,0.6,1,1,2,1,2,1,1,NaN,NaN,0,0,0,0
/Users/helen/Documents/JSMFpostdoc/projects/collectiveMovementAndObstacles/Obstacle-avoiding-agents/data/data20201020/ParameterSet149/Rep24.mat,2,17,0,0.01,10,7,1,1,5,10,0.6,1,1,2,1,2,1,1,NaN,NaN,0,0,0,0
/Users/helen/Documents/JSMFpostdoc/projects/collectiveMovementAndObstacles/Obstacle-avoiding-agents/data/data20201020/ParameterSet149/Rep25.mat,2,18,0,0.01,10,7,1,1,5,10,0.6,1,1,2,1,2,1,1,NaN,NaN,0,0,0,0
/Users/helen/Documents/JSMFpostdoc/projects/collectiveMovementAndObstacles/Obstacle-avoiding-agents/data/data20201020/ParameterSet149/Rep26.mat,2,19,0,0.01,10,7,1,1,5,10,0.6,1,1,2,1,2,1,1,NaN,NaN,0,0,0,0
/Users/helen/Documents/JSMFpostdoc/projects/collectiveMovementAndObstacles/Obstacle-avoiding-agents/data/data20201020/ParameterSet149/Rep27.mat,2,20,0,0.01,10,7,1,1,5,10,0.6,1,1,2,1,2,1,1,NaN,NaN,0,0,0,0
/Users/helen/Documents/JSMFpostdoc/projects/collectiveMovementAndObstacles/Obstacle-avoiding-agents/data/data20201020/ParameterSet149/Rep28.mat,2,21,0,0.01,10,7,1,1,5,10,0.6,1,1,2,1,2,1,1,NaN,NaN,0,0,0,0
/Users/helen/Documents/JSMFpostdoc/projects/collectiveMovementAndObstacles/Obstacle-avoiding-agents/data/data20201020/ParameterSet149/Rep29.mat,2,22,0,0.01,10,7,1,1,5,10,0.6,1,1,2,1,2,1,1,NaN,NaN,0,0,0,0
/Users/helen/Documents/JSMFpostdoc/projects/collectiveMovementAndObstacles/Obstacle-avoiding-agents/data/data20201020/ParameterSet149/Rep3.mat,2,23,0,0.01,10,7,1,1,5,10,0.6,1,1,2,1,2,1,1,NaN,NaN,0,0,0,0
/Users/helen/Documents/JSMFpostdoc/projects/collectiveMovementAndObstacles/Obstacle-avoiding-agents/data/data20201020/ParameterSet149/Rep30.mat,2,24,0,0.01,10,7,1,1,5,10,0.6,1,1,2,1,2,1,1,NaN,NaN,0,0,0,0
/Users/helen/Documents/JSMFpostdoc/projects/collectiveMovementAndObstacles/Obstacle-avoiding-agents/data/data20201020/ParameterSet149/Rep31.mat,2,25,0,0.01,10,7,1,1,5,10,0.6,1,1,2,1,2,1,1,NaN,NaN,0,0,0,0
/Users/helen/Documents/JSMFpostdoc/projects/collectiveMovementAndObstacles/Obstacle-avoiding-agents/data/data20201020/ParameterSet149/Rep32.mat,2,26,0,0.01,10,7,1,1,5,10,0.6,1,1,2,1,2,1,1,NaN,NaN,0,0,0,0
/Users/helen/Documents/JSMFpostdoc/projects/collectiveMovementAndObstacles/Obstacle-avoiding-agents/data/data20201020/ParameterSet149/Rep33.mat,2,27,0,0.01,10,7,1,1,5,10,0.6,1,1,2,1,2,1,1,NaN,NaN,0,0,0,0
/Users/helen/Documents/JSMFpostdoc/projects/collectiveMovementAndObstacles/Obstacle-avoiding-agents/data/data20201020/ParameterSet149/Rep34.mat,2,28,0,0.01,10,7,1,1,5,10,0.6,1,1,2,1,2,1,1,NaN,NaN,0,0,0,0
/Users/helen/Documents/JSMFpostdoc/projects/collectiveMovementAndObstacles/Obstacle-avoiding-agents/data/data20201020/ParameterSet149/Rep35.mat,2,29,0,0.01,10,7,1,1,5,10,0.6,1,1,2,1,2,1,1,NaN,NaN,0,0,0,0
/Users/helen/Documents/JSMFpostdoc/projects/collectiveMovementAndObstacles/Obstacle-avoiding-agents/data/data20201020/ParameterSet149/Rep36.mat,2,30,0,0.01,10,7,1,1,5,10,0.6,1,1,2,1,2,1,1,NaN,NaN,0,0,0,0
/Users/helen/Documents/JSMFpostdoc/projects/collectiveMovementAndObstacles/Obstacle-avoiding-agents/data/data20201020/ParameterSet149/Rep37.mat,2,31,0,0.01,10,7,1,1,5,10,0.6,1,1,2,1,2,1,1,NaN,NaN,0,0,0,0
/Users/helen/Documents/JSMFpostdoc/projects/collectiveMovementAndObstacles/Obstacle-avoiding-agents/data/data20201020/ParameterSet149/Rep38.mat,2,32,0,0.01,10,7,1,1,5,10,0.6,1,1,2,1,2,1,1,NaN,NaN,0,0,0,0
/Users/helen/Documents/JSMFpostdoc/projects/collectiveMovementAndObstacles/Obstacle-avoiding-agents/data/data20201020/ParameterSet149/Rep39.mat,2,33,0,0.01,10,7,1,1,5,10,0.6,1,1,2,1,2,1,1,NaN,NaN,0,0,0,0
/Users/helen/Documents/JSMFpostdoc/projects/collectiveMovementAndObstacles/Obstacle-avoiding-agents/data/data20201020/ParameterSet149/Rep4.mat,2,34,0,0.01,10,7,1,1,5,10,0.6,1,1,2,1,2,1,1,NaN,NaN,0,0,0,0
/Users/helen/Documents/JSMFpostdoc/projects/collectiveMovementAndObstacles/Obstacle-avoiding-agents/data/data20201020/ParameterSet149/Rep40.mat,2,35,0,0.01,10,7,1,1,5,10,0.6,1,1,2,1,2,1,1,NaN,NaN,0,0,0,0
/Users/helen/Documents/JSMFpostdoc/projects/collectiveMovementAndObstacles/Obstacle-avoiding-agents/data/data20201020/ParameterSet149/Rep41.mat,2,36,0,0.01,10,7,1,1,5,10,0.6,1,1,2,1,2,1,1,NaN,NaN,0,0,0,0
/Users/helen/Documents/JSMFpostdoc/projects/collectiveMovementAndObstacles/Obstacle-avoiding-agents/data/data20201020/ParameterSet149/Rep42.mat,2,37,0,0.01,10,7,1,1,5,10,0.6,1,1,2,1,2,1,1,NaN,NaN,0,0,0,0
/Users/helen/Documents/JSMFpostdoc/projects/collectiveMovementAndObstacles/Obstacle-avoiding-agents/data/data20201020/ParameterSet149/Rep43.mat,2,38,0,0.01,10,7,1,1,5,10,0.6,1,1,2,1,2,1,1,NaN,NaN,0,0,0,0
/Users/helen/Documents/JSMFpostdoc/projects/collectiveMovementAndObstacles/Obstacle-avoiding-agents/data/data20201020/ParameterSet149/Rep44.mat,2,39,0,0.01,10,7,1,1,5,10,0.6,1,1,2,1,2,1,1,NaN,NaN,0,0,0,0
/Users/helen/Documents/JSMFpostdoc/projects/collectiveMovementAndObstacles/Obstacle-avoiding-agents/data/data20201020/ParameterSet149/Rep45.mat,2,40,0,0.01,10,7,1,1,5,10,0.6,1,1,2,1,2,1,1,NaN,NaN,0,0,0,0
/Users/helen/Documents/JSMFpostdoc/projects/collectiveMovementAndObstacles/Obstacle-avoiding-agents/data/data20201020/ParameterSet149/Rep46.mat,2,41,0,0.01,10,7,1,1,5,10,0.6,1,1,2,1,2,1,1,NaN,NaN,0,0,0,0
/Users/helen/Documents/JSMFpostdoc/projects/collectiveMovementAndObstacles/Obstacle-avoiding-agents/data/data20201020/ParameterSet149/Rep47.mat,2,42,0,0.01,10,7,1,1,5,10,0.6,1,1,2,1,2,1,1,NaN,NaN,0,0,0,0
/Users/helen/Documents/JSMFpostdoc/projects/collectiveMovementAndObstacles/Obstacle-avoiding-agents/data/data20201020/ParameterSet149/Rep48.mat,2,43,0,0.01,10,7,1,1,5,10,0.6,1,1,2,1,2,1,1,NaN,NaN,0,0,0,0
/Users/helen/Documents/JSMFpostdoc/projects/collectiveMovementAndObstacles/Obstacle-avoiding-agents/data/data20201020/ParameterSet149/Rep49.mat,2,44,0,0.01,10,7,1,1,5,10,0.6,1,1,2,1,2,1,1,NaN,NaN,0,0,0,0
/Users/helen/Documents/JSMFpostdoc/projects/collectiveMovementAndObstacles/Obstacle-avoiding-agents/data/data20201020/ParameterSet149/Rep5.mat,2,45,0,0.01,10,7,1,1,5,10,0.6,1,1,2,1,2,1,1,NaN,NaN,0,0,0,0
/Users/helen/Documents/JSMFpostdoc/projects/collectiveMovementAndObstacles/Obstacle-avoiding-agents/data/data20201020/ParameterSet149/Rep50.mat,2,46,0,0.01,10,7,1,1,5,10,0.6,1,1,2,1,2,1,1,NaN,NaN,0,0,0,0
/Users/helen/Documents/JSMFpostdoc/projects/collectiveMovementAndObstacles/Obstacle-avoiding-agents/data/data20201020/ParameterSet149/Rep6.mat,2,47,0,0.01,10,7,1,1,5,10,0.6,1,1,2,1,2,1,1,NaN,NaN,0,0,0,0
/Users/helen/Documents/JSMFpostdoc/projects/collectiveMovementAndObstacles/Obstacle-avoiding-agents/data/data20201020/ParameterSet149/Rep7.mat,2,48,0,0.01,10,7,1,1,5,10,0.6,1,1,2,1,2,1,1,NaN,NaN,0,0,0,0
/Users/helen/Documents/JSMFpostdoc/projects/collectiveMovementAndObstacles/Obstacle-avoiding-agents/data/data20201020/ParameterSet149/Rep8.mat,2,49,0,0.01,10,7,1,1,5,10,0.6,1,1,2,1,2,1,1,NaN,NaN,0,0,0,0
/Users/helen/Documents/JSMFpostdoc/projects/collectiveMovementAndObstacles/Obstacle-avoiding-agents/data/data20201020/ParameterSet149/Rep9.mat,2,50,0,0.01,10,7,1,1,5,10,0.6,1,1,2,1,2,1,1,NaN,NaN,0,0,0,0
/Users/helen/Documents/JSMFpostdoc/projects/collectiveMovementAndObstacles/Obstacle-avoiding-agents/data/data20201020/ParameterSet150/Rep1.mat,3,1,0,0.01,10,7,1,1,5,10,0.6,1,1,2,1,5,1,1,NaN,NaN,0,0,0,0
/Users/helen/Documents/JSMFpostdoc/projects/collectiveMovementAndObstacles/Obstacle-avoiding-agents/data/data20201020/ParameterSet150/Rep10.mat,3,2,0,0.01,10,7,1,1,5,10,0.6,1,1,2,1,5,1,1,NaN,NaN,0,0,0,0
/Users/helen/Documents/JSMFpostdoc/projects/collectiveMovementAndObstacles/Obstacle-avoiding-agents/data/data20201020/ParameterSet150/Rep11.mat,3,3,0,0.01,10,7,1,1,5,10,0.6,1,1,2,1,5,1,1,197.479999999965,197.479999999965,1,0.1,0,1
/Users/helen/Documents/JSMFpostdoc/projects/collectiveMovementAndObstacles/Obstacle-avoiding-agents/data/data20201020/ParameterSet150/Rep12.mat,3,4,0,0.01,10,7,1,1,5,10,0.6,1,1,2,1,5,1,1,NaN,NaN,0,0,0,0
/Users/helen/Documents/JSMFpostdoc/projects/collectiveMovementAndObstacles/Obstacle-avoiding-agents/data/data20201020/ParameterSet150/Rep13.mat,3,5,0,0.01,10,7,1,1,5,10,0.6,1,1,2,1,5,1,1,NaN,NaN,0,0,0,0
/Users/helen/Documents/JSMFpostdoc/projects/collectiveMovementAndObstacles/Obstacle-avoiding-agents/data/data20201020/ParameterSet150/Rep14.mat,3,6,0,0.01,10,7,1,1,5,10,0.6,1,1,2,1,5,1,1,229.679999999936,229.679999999936,1,0.1,0,1
/Users/helen/Documents/JSMFpostdoc/projects/collectiveMovementAndObstacles/Obstacle-avoiding-agents/data/data20201020/ParameterSet150/Rep15.mat,3,7,0,0.01,10,7,1,1,5,10,0.6,1,1,2,1,5,1,1,220.829999999944,220.829999999944,1,0.1,0,1
/Users/helen/Documents/JSMFpostdoc/projects/collectiveMovementAndObstacles/Obstacle-avoiding-agents/data/data20201020/ParameterSet150/Rep16.mat,3,8,0,0.01,10,7,1,1,5,10,0.6,1,1,2,1,5,1,1,NaN,NaN,0,0,0,0
/Users/helen/Documents/JSMFpostdoc/projects/collectiveMovementAndObstacles/Obstacle-avoiding-agents/data/data20201020/ParameterSet150/Rep17.mat,3,9,0,0.01,10,7,1,1,5,10,0.6,1,1,2,1,5,1,1,NaN,NaN,0,0,0,0
/Users/helen/Documents/JSMFpostdoc/projects/collectiveMovementAndObstacles/Obstacle-avoiding-agents/data/data20201020/ParameterSet150/Rep18.mat,3,10,0,0.01,10,7,1,1,5,10,0.6,1,1,2,1,5,1,1,NaN,NaN,0,0,0,0
/Users/helen/Documents/JSMFpostdoc/projects/collectiveMovementAndObstacles/Obstacle-avoiding-agents/data/data20201020/ParameterSet150/Rep19.mat,3,11,0,0.01,10,7,1,1,5,10,0.6,1,1,2,1,5,1,1,NaN,NaN,0,0,0,0
/Users/helen/Documents/JSMFpostdoc/projects/collectiveMovementAndObstacles/Obstacle-avoiding-agents/data/data20201020/ParameterSet150/Rep2.mat,3,12,0,0.01,10,7,1,1,5,10,0.6,1,1,2,1,5,1,1,NaN,NaN,0,0,0,0
/Users/helen/Documents/JSMFpostdoc/projects/collectiveMovementAndObstacles/Obstacle-avoiding-agents/data/data20201020/ParameterSet150/Rep20.mat,3,13,0,0.01,10,7,1,1,5,10,0.6,1,1,2,1,5,1,1,NaN,NaN,0,0,0,0
/Users/helen/Documents/JSMFpostdoc/projects/collectiveMovementAndObstacles/Obstacle-avoiding-agents/data/data20201020/ParameterSet150/Rep21.mat,3,14,0,0.01,10,7,1,1,5,10,0.6,1,1,2,1,5,1,1,NaN,NaN,0,0,0,0
/Users/helen/Documents/JSMFpostdoc/projects/collectiveMovementAndObstacles/Obstacle-avoiding-agents/data/data20201020/ParameterSet150/Rep22.mat,3,15,0,0.01,10,7,1,1,5,10,0.6,1,1,2,1,5,1,1,NaN,NaN,0,0,0,0
/Users/helen/Documents/JSMFpostdoc/projects/collectiveMovementAndObstacles/Obstacle-avoiding-agents/data/data20201020/ParameterSet150/Rep23.mat,3,16,0,0.01,10,7,1,1,5,10,0.6,1,1,2,1,5,1,1,NaN,NaN,0,0,0,0
/Users/helen/Documents/JSMFpostdoc/projects/collectiveMovementAndObstacles/Obstacle-avoiding-agents/data/data20201020/ParameterSet150/Rep24.mat,3,17,0,0.01,10,7,1,1,5,10,0.6,1,1,2,1,5,1,1,NaN,NaN,0,0,0,0
/Users/helen/Documents/JSMFpostdoc/projects/collectiveMovementAndObstacles/Obstacle-avoiding-agents/data/data20201020/ParameterSet150/Rep25.mat,3,18,0,0.01,10,7,1,1,5,10,0.6,1,1,2,1,5,1,1,NaN,NaN,0,0,0,0
/Users/helen/Documents/JSMFpostdoc/projects/collectiveMovementAndObstacles/Obstacle-avoiding-agents/data/data20201020/ParameterSet150/Rep26.mat,3,19,0,0.01,10,7,1,1,5,10,0.6,1,1,2,1,5,1,1,NaN,NaN,0,0,0,1
/Users/helen/Documents/JSMFpostdoc/projects/collectiveMovementAndObstacles/Obstacle-avoiding-agents/data/data20201020/ParameterSet150/Rep27.mat,3,20,0,0.01,10,7,1,1,5,10,0.6,1,1,2,1,5,1,1,NaN,NaN,0,0,0,0
/Users/helen/Documents/JSMFpostdoc/projects/collectiveMovementAndObstacles/Obstacle-avoiding-agents/data/data20201020/ParameterSet150/Rep28.mat,3,21,0,0.01,10,7,1,1,5,10,0.6,1,1,2,1,5,1,1,NaN,NaN,0,0,0,0
/Users/helen/Documents/JSMFpostdoc/projects/collectiveMovementAndObstacles/Obstacle-avoiding-agents/data/data20201020/ParameterSet150/Rep29.mat,3,22,0,0.01,10,7,1,1,5,10,0.6,1,1,2,1,5,1,1,NaN,NaN,0,0,0,0
/Users/helen/Documents/JSMFpostdoc/projects/collectiveMovementAndObstacles/Obstacle-avoiding-agents/data/data20201020/ParameterSet150/Rep3.mat,3,23,0,0.01,10,7,1,1,5,10,0.6,1,1,2,1,5,1,1,NaN,NaN,0,0,0,0
/Users/helen/Documents/JSMFpostdoc/projects/collectiveMovementAndObstacles/Obstacle-avoiding-agents/data/data20201020/ParameterSet150/Rep30.mat,3,24,0,0.01,10,7,1,1,5,10,0.6,1,1,2,1,5,1,1,NaN,NaN,0,0,0,0
/Users/helen/Documents/JSMFpostdoc/projects/collectiveMovementAndObstacles/Obstacle-avoiding-agents/data/data20201020/ParameterSet150/Rep31.mat,3,25,0,0.01,10,7,1,1,5,10,0.6,1,1,2,1,5,1,1,54.0999999999978,53.9299999999978,3,0.3,0,3
/Users/helen/Documents/JSMFpostdoc/projects/collectiveMovementAndObstacles/Obstacle-avoiding-agents/data/data20201020/ParameterSet150/Rep32.mat,3,26,0,0.01,10,7,1,1,5,10,0.6,1,1,2,1,5,1,1,NaN,NaN,0,0,0,0
/Users/helen/Documents/JSMFpostdoc/projects/collectiveMovementAndObstacles/Obstacle-avoiding-agents/data/data20201020/ParameterSet150/Rep33.mat,3,27,0,0.01,10,7,1,1,5,10,0.6,1,1,2,1,5,1,1,NaN,NaN,0,0,0,0
/Users/helen/Documents/JSMFpostdoc/projects/collectiveMovementAndObstacles/Obstacle-avoiding-agents/data/data20201020/ParameterSet150/Rep34.mat,3,28,0,0.01,10,7,1,1,5,10,0.6,1,1,2,1,5,1,1,NaN,NaN,0,0,0,0
/Users/helen/Documents/JSMFpostdoc/projects/collectiveMovementAndObstacles/Obstacle-avoiding-agents/data/data20201020/ParameterSet150/Rep35.mat,3,29,0,0.01,10,7,1,1,5,10,0.6,1,1,2,1,5,1,1,NaN,NaN,0,0,0,0
/Users/helen/Documents/JSMFpostdoc/projects/collectiveMovementAndObstacles/Obstacle-avoiding-agents/data/data20201020/ParameterSet150/Rep36.mat,3,30,0,0.01,10,7,1,1,5,10,0.6,1,1,2,1,5,1,1,NaN,NaN,0,0,0,0
/Users/helen/Documents/JSMFpostdoc/projects/collectiveMovementAndObstacles/Obstacle-avoiding-agents/data/data20201020/ParameterSet150/Rep37.mat,3,31,0,0.01,10,7,1,1,5,10,0.6,1,1,2,1,5,1,1,NaN,NaN,0,0,0,0
/Users/helen/Documents/JSMFpostdoc/projects/collectiveMovementAndObstacles/Obstacle-avoiding-agents/data/data20201020/ParameterSet150/Rep38.mat,3,32,0,0.01,10,7,1,1,5,10,0.6,1,1,2,1,5,1,1,NaN,NaN,0,0,1,0
/Users/helen/Documents/JSMFpostdoc/projects/collectiveMovementAndObstacles/Obstacle-avoiding-agents/data/data20201020/ParameterSet150/Rep39.mat,3,33,0,0.01,10,7,1,1,5,10,0.6,1,1,2,1,5,1,1,NaN,NaN,0,0,0,0
/Users/helen/Documents/JSMFpostdoc/projects/collectiveMovementAndObstacles/Obstacle-avoiding-agents/data/data20201020/ParameterSet150/Rep4.mat,3,34,0,0.01,10,7,1,1,5,10,0.6,1,1,2,1,5,1,1,NaN,NaN,0,0,0,0
/Users/helen/Documents/JSMFpostdoc/projects/collectiveMovementAndObstacles/Obstacle-avoiding-agents/data/data20201020/ParameterSet150/Rep40.mat,3,35,0,0.01,10,7,1,1,5,10,0.6,1,1,2,1,5,1,1,NaN,NaN,0,0,0,0
/Users/helen/Documents/JSMFpostdoc/projects/collectiveMovementAndObstacles/Obstacle-avoiding-agents/data/data20201020/ParameterSet150/Rep41.mat,3,36,0,0.01,10,7,1,1,5,10,0.6,1,1,2,1,5,1,1,189.209999999973,189.209999999973,1,0.1,0,1
/Users/helen/Documents/JSMFpostdoc/projects/collectiveMovementAndObstacles/Obstacle-avoiding-agents/data/data20201020/ParameterSet150/Rep42.mat,3,37,0,0.01,10,7,1,1,5,10,0.6,1,1,2,1,5,1,1,NaN,NaN,0,0,0,0
/Users/helen/Documents/JSMFpostdoc/projects/collectiveMovementAndObstacles/Obstacle-avoiding-agents/data/data20201020/ParameterSet150/Rep43.mat,3,38,0,0.01,10,7,1,1,5,10,0.6,1,1,2,1,5,1,1,NaN,NaN,0,0,0,0
/Users/helen/Documents/JSMFpostdoc/projects/collectiveMovementAndObstacles/Obstacle-avoiding-agents/data/data20201020/ParameterSet150/Rep44.mat,3,39,0,0.01,10,7,1,1,5,10,0.6,1,1,2,1,5,1,1,52.6099999999981,52.6099999999981,1,0.1,0,1
/Users/helen/Documents/JSMFpostdoc/projects/collectiveMovementAndObstacles/Obstacle-avoiding-agents/data/data20201020/ParameterSet150/Rep45.mat,3,40,0,0.01,10,7,1,1,5,10,0.6,1,1,2,1,5,1,1,NaN,NaN,0,0,0,0
/Users/helen/Documents/JSMFpostdoc/projects/collectiveMovementAndObstacles/Obstacle-avoiding-agents/data/data20201020/ParameterSet150/Rep46.mat,3,41,0,0.01,10,7,1,1,5,10,0.6,1,1,2,1,5,1,1,49.0899999999988,49.0899999999988,1,0.1,0,1
/Users/helen/Documents/JSMFpostdoc/projects/collectiveMovementAndObstacles/Obstacle-avoiding-agents/data/data20201020/ParameterSet150/Rep47.mat,3,42,0,0.01,10,7,1,1,5,10,0.6,1,1,2,1,5,1,1,NaN,NaN,0,0,0,0
/Users/helen/Documents/JSMFpostdoc/projects/collectiveMovementAndObstacles/Obstacle-avoiding-agents/data/data20201020/ParameterSet150/Rep48.mat,3,43,0,0.01,10,7,1,1,5,10,0.6,1,1,2,1,5,1,1,NaN,NaN,0,0,0,0
/Users/helen/Documents/JSMFpostdoc/projects/collectiveMovementAndObstacles/Obstacle-avoiding-agents/data/data20201020/ParameterSet150/Rep49.mat,3,44,0,0.01,10,7,1,1,5,10,0.6,1,1,2,1,5,1,1,NaN,NaN,0,0,0,0
/Users/helen/Documents/JSMFpostdoc/projects/collectiveMovementAndObstacles/Obstacle-avoiding-agents/data/data20201020/ParameterSet150/Rep5.mat,3,45,0,0.01,10,7,1,1,5,10,0.6,1,1,2,1,5,1,1,NaN,NaN,0,0,0,0
/Users/helen/Documents/JSMFpostdoc/projects/collectiveMovementAndObstacles/Obstacle-avoiding-agents/data/data20201020/ParameterSet150/Rep50.mat,3,46,0,0.01,10,7,1,1,5,10,0.6,1,1,2,1,5,1,1,118.930000000024,118.930000000024,1,0.1,0,1
/Users/helen/Documents/JSMFpostdoc/projects/collectiveMovementAndObstacles/Obstacle-avoiding-agents/data/data20201020/ParameterSet150/Rep6.mat,3,47,0,0.01,10,7,1,1,5,10,0.6,1,1,2,1,5,1,1,NaN,NaN,0,0,0,0
/Users/helen/Documents/JSMFpostdoc/projects/collectiveMovementAndObstacles/Obstacle-avoiding-agents/data/data20201020/ParameterSet150/Rep7.mat,3,48,0,0.01,10,7,1,1,5,10,0.6,1,1,2,1,5,1,1,NaN,NaN,0,0,0,0
/Users/helen/Documents/JSMFpostdoc/projects/collectiveMovementAndObstacles/Obstacle-avoiding-agents/data/data20201020/ParameterSet150/Rep8.mat,3,49,0,0.01,10,7,1,1,5,10,0.6,1,1,2,1,5,1,1,NaN,NaN,0,0,0,0
/Users/helen/Documents/JSMFpostdoc/projects/collectiveMovementAndObstacles/Obstacle-avoiding-agents/data/data20201020/ParameterSet150/Rep9.mat,3,50,0,0.01,10,7,1,1,5,10,0.6,1,1,2,1,5,1,1,NaN,NaN,0,0,0,0
/Users/helen/Documents/JSMFpostdoc/projects/collectiveMovementAndObstacles/Obstacle-avoiding-agents/data/data20201020/ParameterSet151/Rep1.mat,4,1,0,0.01,10,7,1,1,5,10,0.6,1,1,2,1,10,1,1,NaN,NaN,0,0,1,0
/Users/helen/Documents/JSMFpostdoc/projects/collectiveMovementAndObstacles/Obstacle-avoiding-agents/data/data20201020/ParameterSet151/Rep10.mat,4,2,0,0.01,10,7,1,1,5,10,0.6,1,1,2,1,10,1,1,224.079999999941,224.079999999941,2,0.2,0,2
/Users/helen/Documents/JSMFpostdoc/projects/collectiveMovementAndObstacles/Obstacle-avoiding-agents/data/data20201020/ParameterSet151/Rep11.mat,4,3,0,0.01,10,7,1,1,5,10,0.6,1,1,2,1,10,1,1,NaN,NaN,0,0,2,0
/Users/helen/Documents/JSMFpostdoc/projects/collectiveMovementAndObstacles/Obstacle-avoiding-agents/data/data20201020/ParameterSet151/Rep12.mat,4,4,0,0.01,10,7,1,1,5,10,0.6,1,1,2,1,10,1,1,165.659999999994,163.909999999996,3,0.3,4,3
/Users/helen/Documents/JSMFpostdoc/projects/collectiveMovementAndObstacles/Obstacle-avoiding-agents/data/data20201020/ParameterSet151/Rep13.mat,4,5,0,0.01,10,7,1,1,5,10,0.6,1,1,2,1,10,1,1,NaN,NaN,0,0,0,0
/Users/helen/Documents/JSMFpostdoc/projects/collectiveMovementAndObstacles/Obstacle-avoiding-agents/data/data20201020/ParameterSet151/Rep14.mat,4,6,0,0.01,10,7,1,1,5,10,0.6,1,1,2,1,10,1,1,101.280000000015,101.530000000015,3,0.3,1,3
/Users/helen/Documents/JSMFpostdoc/projects/collectiveMovementAndObstacles/Obstacle-avoiding-agents/data/data20201020/ParameterSet151/Rep15.mat,4,7,0,0.01,10,7,1,1,5,10,0.6,1,1,2,1,10,1,1,NaN,NaN,0,0,1,0
/Users/helen/Documents/JSMFpostdoc/projects/collectiveMovementAndObstacles/Obstacle-avoiding-agents/data/data20201020/ParameterSet151/Rep16.mat,4,8,0,0.01,10,7,1,1,5,10,0.6,1,1,2,1,10,1,1,216.139999999948,216.139999999948,1,0.1,0,1
/Users/helen/Documents/JSMFpostdoc/projects/collectiveMovementAndObstacles/Obstacle-avoiding-agents/data/data20201020/ParameterSet151/Rep17.mat,4,9,0,0.01,10,7,1,1,5,10,0.6,1,1,2,1,10,1,1,NaN,NaN,0,0,4,0
/Users/helen/Documents/JSMFpostdoc/projects/collectiveMovementAndObstacles/Obstacle-avoiding-agents/data/data20201020/ParameterSet151/Rep18.mat,4,10,0,0.01,10,7,1,1,5,10,0.6,1,1,2,1,10,1,1,53.4414285714265,52.7199999999981,7,0.7,0,7
/Users/helen/Documents/JSMFpostdoc/projects/collectiveMovementAndObstacles/Obstacle-avoiding-agents/data/data20201020/ParameterSet151/Rep19.mat,4,11,0,0.01,10,7,1,1,5,10,0.6,1,1,2,1,10,1,1,228.254999999937,260.794999999908,4,0.4,0,4
/Users/helen/Documents/JSMFpostdoc/projects/collectiveMovementAndObstacles/Obstacle-avoiding-agents/data/data20201020/ParameterSet151/Rep2.mat,4,12,0,0.01,10,7,1,1,5,10,0.6,1,1,2,1,10,1,1,NaN,NaN,0,0,0,0
/Users/helen/Documents/JSMFpostdoc/projects/collectiveMovementAndObstacles/Obstacle-avoiding-agents/data/data20201020/ParameterSet151/Rep20.mat,4,13,0,0.01,10,7,1,1,5,10,0.6,1,1,2,1,10,1,1,62.8779999999962,63.5499999999959,5,0.5,0,5
/Users/helen/Documents/JSMFpostdoc/projects/collectiveMovementAndObstacles/Obstacle-avoiding-agents/data/data20201020/ParameterSet151/Rep21.mat,4,14,0,0.01,10,7,1,1,5,10,0.6,1,1,2,1,10,1,1,NaN,NaN,0,0,0,0
/Users/helen/Documents/JSMFpostdoc/projects/collectiveMovementAndObstacles/Obstacle-avoiding-agents/data/data20201020/ParameterSet151/Rep22.mat,4,15,0,0.01,10,7,1,1,5,10,0.6,1,1,2,1,10,1,1,NaN,NaN,0,0,0,0
/Users/helen/Documents/JSMFpostdoc/projects/collectiveMovementAndObstacles/Obstacle-avoiding-agents/data/data20201020/ParameterSet151/Rep23.mat,4,16,0,0.01,10,7,1,1,5,10,0.6,1,1,2,1,10,1,1,NaN,NaN,0,0,1,0
/Users/helen/Documents/JSMFpostdoc/projects/collectiveMovementAndObstacles/Obstacle-avoiding-agents/data/data20201020/ParameterSet151/Rep24.mat,4,17,0,0.01,10,7,1,1,5,10,0.6,1,1,2,1,10,1,1,79.0600000000035,79.0600000000035,1,0.1,3,1
/Users/helen/Documents/JSMFpostdoc/projects/collectiveMovementAndObstacles/Obstacle-avoiding-agents/data/data20201020/ParameterSet151/Rep25.mat,4,18,0,0.01,10,7,1,1,5,10,0.6,1,1,2,1,10,1,1,NaN,NaN,0,0,0,0
/Users/helen/Documents/JSMFpostdoc/projects/collectiveMovementAndObstacles/Obstacle-avoiding-agents/data/data20201020/ParameterSet151/Rep26.mat,4,19,0,0.01,10,7,1,1,5,10,0.6,1,1,2,1,10,1,1,NaN,NaN,0,0,1,0
/Users/helen/Documents/JSMFpostdoc/projects/collectiveMovementAndObstacles/Obstacle-avoiding-agents/data/data20201020/ParameterSet151/Rep27.mat,4,20,0,0.01,10,7,1,1,5,10,0.6,1,1,2,1,10,1,1,83.5500000000058,83.5500000000058,2,0.2,0,2
/Users/helen/Documents/JSMFpostdoc/projects/collectiveMovementAndObstacles/Obstacle-avoiding-agents/data/data20201020/ParameterSet151/Rep28.mat,4,21,0,0.01,10,7,1,1,5,10,0.6,1,1,2,1,10,1,1,NaN,NaN,0,0,5,0
/Users/helen/Documents/JSMFpostdoc/projects/collectiveMovementAndObstacles/Obstacle-avoiding-agents/data/data20201020/ParameterSet151/Rep29.mat,4,22,0,0.01,10,7,1,1,5,10,0.6,1,1,2,1,10,1,1,NaN,NaN,0,0,2,0
/Users/helen/Documents/JSMFpostdoc/projects/collectiveMovementAndObstacles/Obstacle-avoiding-agents/data/data20201020/ParameterSet151/Rep3.mat,4,23,0,0.01,10,7,1,1,5,10,0.6,1,1,2,1,10,1,1,NaN,NaN,0,0,0,0
/Users/helen/Documents/JSMFpostdoc/projects/collectiveMovementAndObstacles/Obstacle-avoiding-agents/data/data20201020/ParameterSet151/Rep30.mat,4,24,0,0.01,10,7,1,1,5,10,0.6,1,1,2,1,10,1,1,NaN,NaN,0,0,0,0
/Users/helen/Documents/JSMFpostdoc/projects/collectiveMovementAndObstacles/Obstacle-avoiding-agents/data/data20201020/ParameterSet151/Rep31.mat,4,25,0,0.01,10,7,1,1,5,10,0.6,1,1,2,1,10,1,1,NaN,NaN,0,0,0,2
/Users/helen/Documents/JSMFpostdoc/projects/collectiveMovementAndObstacles/Obstacle-avoiding-agents/data/data20201020/ParameterSet151/Rep32.mat,4,26,0,0.01,10,7,1,1,5,10,0.6,1,1,2,1,10,1,1,NaN,NaN,0,0,3,0
/Users/helen/Documents/JSMFpostdoc/projects/collectiveMovementAndObstacles/Obstacle-avoiding-agents/data/data20201020/ParameterSet151/Rep33.mat,4,27,0,0.01,10,7,1,1,5,10,0.6,1,1,2,1,10,1,1,93.7850000000111,94.0000000000112,4,0.4,3,4
/Users/helen/Documents/JSMFpostdoc/projects/collectiveMovementAndObstacles/Obstacle-avoiding-agents/data/data20201020/ParameterSet151/Rep34.mat,4,28,0,0.01,10,7,1,1,5,10,0.6,1,1,2,1,10,1,1,NaN,NaN,0,0,0,0
/Users/helen/Documents/JSMFpostdoc/projects/collectiveMovementAndObstacles/Obstacle-avoiding-agents/data/data20201020/ParameterSet151/Rep35.mat,4,29,0,0.01,10,7,1,1,5,10,0.6,1,1,2,1,10,1,1,275.609999999894,275.609999999894,2,0.2,2,2
/Users/helen/Documents/JSMFpostdoc/projects/collectiveMovementAndObstacles/Obstacle-avoiding-agents/data/data20201020/ParameterSet151/Rep36.mat,4,30,0,0.01,10,7,1,1,5,10,0.6,1,1,2,1,10,1,1,56.9649999999972,56.9649999999972,2,0.2,0,2
/Users/helen/Documents/JSMFpostdoc/projects/collectiveMovementAndObstacles/Obstacle-avoiding-agents/data/data20201020/ParameterSet151/Rep37.mat,4,31,0,0.01,10,7,1,1,5,10,0.6,1,1,2,1,10,1,1,NaN,NaN,0,0,1,0
/Users/helen/Documents/JSMFpostdoc/projects/collectiveMovementAndObstacles/Obstacle-avoiding-agents/data/data20201020/ParameterSet151/Rep38.mat,4,32,0,0.01,10,7,1,1,5,10,0.6,1,1,2,1,10,1,1,NaN,NaN,0,0,0,0
/Users/helen/Documents/JSMFpostdoc/projects/collectiveMovementAndObstacles/Obstacle-avoiding-agents/data/data20201020/ParameterSet151/Rep39.mat,4,33,0,0.01,10,7,1,1,5,10,0.6,1,1,2,1,10,1,1,NaN,NaN,0,0,5,0
/Users/helen/Documents/JSMFpostdoc/projects/collectiveMovementAndObstacles/Obstacle-avoiding-agents/data/data20201020/ParameterSet151/Rep4.mat,4,34,0,0.01,10,7,1,1,5,10,0.6,1,1,2,1,10,1,1,NaN,NaN,0,0,0,0
/Users/helen/Documents/JSMFpostdoc/projects/collectiveMovementAndObstacles/Obstacle-avoiding-agents/data/data20201020/ParameterSet151/Rep40.mat,4,35,0,0.01,10,7,1,1,5,10,0.6,1,1,2,1,10,1,1,NaN,NaN,0,0,0,0
/Users/helen/Documents/JSMFpostdoc/projects/collectiveMovementAndObstacles/Obstacle-avoiding-agents/data/data20201020/ParameterSet151/Rep41.mat,4,36,0,0.01,10,7,1,1,5,10,0.6,1,1,2,1,10,1,1,NaN,NaN,0,0,0,0
/Users/helen/Documents/JSMFpostdoc/projects/collectiveMovementAndObstacles/Obstacle-avoiding-agents/data/data20201020/ParameterSet151/Rep42.mat,4,37,0,0.01,10,7,1,1,5,10,0.6,1,1,2,1,10,1,1,NaN,NaN,0,0,2,0
/Users/helen/Documents/JSMFpostdoc/projects/collectiveMovementAndObstacles/Obstacle-avoiding-agents/data/data20201020/ParameterSet151/Rep43.mat,4,38,0,0.01,10,7,1,1,5,10,0.6,1,1,2,1,10,1,1,NaN,NaN,0,0,0,0
/Users/helen/Documents/JSMFpostdoc/projects/collectiveMovementAndObstacles/Obstacle-avoiding-agents/data/data20201020/ParameterSet151/Rep44.mat,4,39,0,0.01,10,7,1,1,5,10,0.6,1,1,2,1,10,1,1,NaN,NaN,0,0,0,0
/Users/helen/Documents/JSMFpostdoc/projects/collectiveMovementAndObstacles/Obstacle-avoiding-agents/data/data20201020/ParameterSet151/Rep45.mat,4,40,0,0.01,10,7,1,1,5,10,0.6,1,1,2,1,10,1,1,NaN,NaN,0,0,0,0
/Users/helen/Documents/JSMFpostdoc/projects/collectiveMovementAndObstacles/Obstacle-avoiding-agents/data/data20201020/ParameterSet151/Rep46.mat,4,41,0,0.01,10,7,1,1,5,10,0.6,1,1,2,1,10,1,1,NaN,NaN,0,0,3,0
/Users/helen/Documents/JSMFpostdoc/projects/collectiveMovementAndObstacles/Obstacle-avoiding-agents/data/data20201020/ParameterSet151/Rep47.mat,4,42,0,0.01,10,7,1,1,5,10,0.6,1,1,2,1,10,1,1,293.558888888767,293.459999999878,9,0.9,4,10
/Users/helen/Documents/JSMFpostdoc/projects/collectiveMovementAndObstacles/Obstacle-avoiding-agents/data/data20201020/ParameterSet151/Rep48.mat,4,43,0,0.01,10,7,1,1,5,10,0.6,1,1,2,1,10,1,1,270.489999999899,270.489999999899,1,0.1,4,1
/Users/helen/Documents/JSMFpostdoc/projects/collectiveMovementAndObstacles/Obstacle-avoiding-agents/data/data20201020/ParameterSet151/Rep49.mat,4,44,0,0.01,10,7,1,1,5,10,0.6,1,1,2,1,10,1,1,51.1166666666651,50.4999999999985,3,0.3,0,3
/Users/helen/Documents/JSMFpostdoc/projects/collectiveMovementAndObstacles/Obstacle-avoiding-agents/data/data20201020/ParameterSet151/Rep5.mat,4,45,0,0.01,10,7,1,1,5,10,0.6,1,1,2,1,10,1,1,97.9000000000132,97.9000000000132,1,0.1,3,1
/Users/helen/Documents/JSMFpostdoc/projects/collectiveMovementAndObstacles/Obstacle-avoiding-agents/data/data20201020/ParameterSet151/Rep50.mat,4,46,0,0.01,10,7,1,1,5,10,0.6,1,1,2,1,10,1,1,NaN,NaN,0,0,0,0
/Users/helen/Documents/JSMFpostdoc/projects/collectiveMovementAndObstacles/Obstacle-avoiding-agents/data/data20201020/ParameterSet151/Rep6.mat,4,47,0,0.01,10,7,1,1,5,10,0.6,1,1,2,1,10,1,1,294.299999999877,294.299999999877,1,0.1,3,1
/Users/helen/Documents/JSMFpostdoc/projects/collectiveMovementAndObstacles/Obstacle-avoiding-agents/data/data20201020/ParameterSet151/Rep7.mat,4,48,0,0.01,10,7,1,1,5,10,0.6,1,1,2,1,10,1,1,NaN,NaN,0,0,0,0
/Users/helen/Documents/JSMFpostdoc/projects/collectiveMovementAndObstacles/Obstacle-avoiding-agents/data/data20201020/ParameterSet151/Rep8.mat,4,49,0,0.01,10,7,1,1,5,10,0.6,1,1,2,1,10,1,1,NaN,NaN,0,0,0,0
/Users/helen/Documents/JSMFpostdoc/projects/collectiveMovementAndObstacles/Obstacle-avoiding-agents/data/data20201020/ParameterSet151/Rep9.mat,4,50,0,0.01,10,7,1,1,5,10,0.6,1,1,2,1,10,1,1,219.593999999945,219.719999999945,10,1,5,10
/Users/helen/Documents/JSMFpostdoc/projects/collectiveMovementAndObstacles/Obstacle-avoiding-agents/data/data20201020/ParameterSet152/Rep1.mat,5,1,0,0.01,10,7,1,1,5,10,0.6,1,1,2,1,20,1,1,NaN,NaN,0,0,7,0
/Users/helen/Documents/JSMFpostdoc/projects/collectiveMovementAndObstacles/Obstacle-avoiding-agents/data/data20201020/ParameterSet152/Rep10.mat,5,2,0,0.01,10,7,1,1,5,10,0.6,1,1,2,1,20,1,1,65.6066666666633,65.5199999999966,3,0.3,1,3
/Users/helen/Documents/JSMFpostdoc/projects/collectiveMovementAndObstacles/Obstacle-avoiding-agents/data/data20201020/ParameterSet152/Rep11.mat,5,3,0,0.01,10,7,1,1,5,10,0.6,1,1,2,1,20,1,1,50.4999999999985,50.4999999999985,1,0.1,4,1
/Users/helen/Documents/JSMFpostdoc/projects/collectiveMovementAndObstacles/Obstacle-avoiding-agents/data/data20201020/ParameterSet152/Rep12.mat,5,4,0,0.01,10,7,1,1,5,10,0.6,1,1,2,1,20,1,1,NaN,NaN,0,0,5,0
/Users/helen/Documents/JSMFpostdoc/projects/collectiveMovementAndObstacles/Obstacle-avoiding-agents/data/data20201020/ParameterSet152/Rep13.mat,5,5,0,0.01,10,7,1,1,5,10,0.6,1,1,2,1,20,1,1,NaN,NaN,0,0,3,3
/Users/helen/Documents/JSMFpostdoc/projects/collectiveMovementAndObstacles/Obstacle-avoiding-agents/data/data20201020/ParameterSet152/Rep14.mat,5,6,0,0.01,10,7,1,1,5,10,0.6,1,1,2,1,20,1,1,149.958888888897,150.400000000008,9,0.9,7,9
/Users/helen/Documents/JSMFpostdoc/projects/collectiveMovementAndObstacles/Obstacle-avoiding-agents/data/data20201020/ParameterSet152/Rep15.mat,5,7,0,0.01,10,7,1,1,5,10,0.6,1,1,2,1,20,1,1,NaN,NaN,0,0,9,5
/Users/helen/Documents/JSMFpostdoc/projects/collectiveMovementAndObstacles/Obstacle-avoiding-agents/data/data20201020/ParameterSet152/Rep16.mat,5,8,0,0.01,10,7,1,1,5,10,0.6,1,1,2,1,20,1,1,81.6883333333382,80.9900000000045,6,0.6,2,6
/Users/helen/Documents/JSMFpostdoc/projects/collectiveMovementAndObstacles/Obstacle-avoiding-agents/data/data20201020/ParameterSet152/Rep17.mat,5,9,0,0.01,10,7,1,1,5,10,0.6,1,1,2,1,20,1,1,NaN,NaN,0,0,4,0
/Users/helen/Documents/JSMFpostdoc/projects/collectiveMovementAndObstacles/Obstacle-avoiding-agents/data/data20201020/ParameterSet152/Rep18.mat,5,10,0,0.01,10,7,1,1,5,10,0.6,1,1,2,1,20,1,1,123.130000000026,122.040000000026,5,0.5,7,5
/Users/helen/Documents/JSMFpostdoc/projects/collectiveMovementAndObstacles/Obstacle-avoiding-agents/data/data20201020/ParameterSet152/Rep19.mat,5,11,0,0.01,10,7,1,1,5,10,0.6,1,1,2,1,20,1,1,252.959999999905,273.929999999896,10,1,5,10
/Users/helen/Documents/JSMFpostdoc/projects/collectiveMovementAndObstacles/Obstacle-avoiding-agents/data/data20201020/ParameterSet152/Rep2.mat,5,12,0,0.01,10,7,1,1,5,10,0.6,1,1,2,1,20,1,1,NaN,NaN,0,0,1,0
/Users/helen/Documents/JSMFpostdoc/projects/collectiveMovementAndObstacles/Obstacle-avoiding-agents/data/data20201020/ParameterSet152/Rep20.mat,5,13,0,0.01,10,7,1,1,5,10,0.6,1,1,2,1,20,1,1,162.837999999997,162.684999999997,10,1,7,10
/Users/helen/Documents/JSMFpostdoc/projects/collectiveMovementAndObstacles/Obstacle-avoiding-agents/data/data20201020/ParameterSet152/Rep21.mat,5,14,0,0.01,10,7,1,1,5,10,0.6,1,1,2,1,20,1,1,240.504285714212,239.349999999927,7,0.7,6,7
/Users/helen/Documents/JSMFpostdoc/projects/collectiveMovementAndObstacles/Obstacle-avoiding-agents/data/data20201020/ParameterSet152/Rep22.mat,5,15,0,0.01,10,7,1,1,5,10,0.6,1,1,2,1,20,1,1,NaN,NaN,0,0,5,0
/Users/helen/Documents/JSMFpostdoc/projects/collectiveMovementAndObstacles/Obstacle-avoiding-agents/data/data20201020/ParameterSet152/Rep23.mat,5,16,0,0.01,10,7,1,1,5,10,0.6,1,1,2,1,20,1,1,231.282999999935,231.114999999935,10,1,4,10
/Users/helen/Documents/JSMFpostdoc/projects/collectiveMovementAndObstacles/Obstacle-avoiding-agents/data/data20201020/ParameterSet152/Rep24.mat,5,17,0,0.01,10,7,1,1,5,10,0.6,1,1,2,1,20,1,1,188.808999999973,188.104999999974,10,1,10,10
/Users/helen/Documents/JSMFpostdoc/projects/collectiveMovementAndObstacles/Obstacle-avoiding-agents/data/data20201020/ParameterSet152/Rep25.mat,5,18,0,0.01,10,7,1,1,5,10,0.6,1,1,2,1,20,1,1,NaN,NaN,0,0,2,0
/Users/helen/Documents/JSMFpostdoc/projects/collectiveMovementAndObstacles/Obstacle-avoiding-agents/data/data20201020/ParameterSet152/Rep26.mat,5,19,0,0.01,10,7,1,1,5,10,0.6,1,1,2,1,20,1,1,51.8899999999982,51.8899999999982,1,0.1,9,5
/Users/helen/Documents/JSMFpostdoc/projects/collectiveMovementAndObstacles/Obstacle-avoiding-agents/data/data20201020/ParameterSet152/Rep27.mat,5,20,0,0.01,10,7,1,1,5,10,0.6,1,1,2,1,20,1,1,NaN,NaN,0,0,1,0
/Users/helen/Documents/JSMFpostdoc/projects/collectiveMovementAndObstacles/Obstacle-avoiding-agents/data/data20201020/ParameterSet152/Rep28.mat,5,21,0,0.01,10,7,1,1,5,10,0.6,1,1,2,1,20,1,1,179.644999999982,179.934999999981,4,0.4,7,4
/Users/helen/Documents/JSMFpostdoc/projects/collectiveMovementAndObstacles/Obstacle-avoiding-agents/data/data20201020/ParameterSet152/Rep29.mat,5,22,0,0.01,10,7,1,1,5,10,0.6,1,1,2,1,20,1,1,119.240000000024,119.300000000024,4,0.4,1,4
/Users/helen/Documents/JSMFpostdoc/projects/collectiveMovementAndObstacles/Obstacle-avoiding-agents/data/data20201020/ParameterSet152/Rep3.mat,5,23,0,0.01,10,7,1,1,5,10,0.6,1,1,2,1,20,1,1,102.988333333349,103.325000000016,6,0.6,7,6
/Users/helen/Documents/JSMFpostdoc/projects/collectiveMovementAndObstacles/Obstacle-avoiding-agents/data/data20201020/ParameterSet152/Rep30.mat,5,24,0,0.01,10,7,1,1,5,10,0.6,1,1,2,1,20,1,1,132.019000000025,131.415000000025,10,1,10,10
/Users/helen/Documents/JSMFpostdoc/projects/collectiveMovementAndObstacles/Obstacle-avoiding-agents/data/data20201020/ParameterSet152/Rep31.mat,5,25,0,0.01,10,7,1,1,5,10,0.6,1,1,2,1,20,1,1,50.0049999999986,50.0049999999986,2,0.2,1,2
/Users/helen/Documents/JSMFpostdoc/projects/collectiveMovementAndObstacles/Obstacle-avoiding-agents/data/data20201020/ParameterSet152/Rep32.mat,5,26,0,0.01,10,7,1,1,5,10,0.6,1,1,2,1,20,1,1,78.9366666666701,78.7900000000034,3,0.3,3,3
/Users/helen/Documents/JSMFpostdoc/projects/collectiveMovementAndObstacles/Obstacle-avoiding-agents/data/data20201020/ParameterSet152/Rep33.mat,5,27,0,0.01,10,7,1,1,5,10,0.6,1,1,2,1,20,1,1,NaN,NaN,0,0,5,0
/Users/helen/Documents/JSMFpostdoc/projects/collectiveMovementAndObstacles/Obstacle-avoiding-agents/data/data20201020/ParameterSet152/Rep34.mat,5,28,0,0.01,10,7,1,1,5,10,0.6,1,1,2,1,20,1,1,NaN,NaN,0,0,6,0
/Users/helen/Documents/JSMFpostdoc/projects/collectiveMovementAndObstacles/Obstacle-avoiding-agents/data/data20201020/ParameterSet152/Rep35.mat,5,29,0,0.01,10,7,1,1,5,10,0.6,1,1,2,1,20,1,1,NaN,NaN,0,0,7,6
/Users/helen/Documents/JSMFpostdoc/projects/collectiveMovementAndObstacles/Obstacle-avoiding-agents/data/data20201020/ParameterSet152/Rep36.mat,5,30,0,0.01,10,7,1,1,5,10,0.6,1,1,2,1,20,1,1,237.924999999929,237.924999999929,2,0.2,3,2
/Users/helen/Documents/JSMFpostdoc/projects/collectiveMovementAndObstacles/Obstacle-avoiding-agents/data/data20201020/ParameterSet152/Rep37.mat,5,31,0,0.01,10,7,1,1,5,10,0.6,1,1,2,1,20,1,1,NaN,NaN,0,0,9,0
/Users/helen/Documents/JSMFpostdoc/projects/collectiveMovementAndObstacles/Obstacle-avoiding-agents/data/data20201020/ParameterSet152/Rep38.mat,5,32,0,0.01,10,7,1,1,5,10,0.6,1,1,2,1,20,1,1,99.8800000000079,85.0500000000066,4,0.4,4,4
/Users/helen/Documents/JSMFpostdoc/projects/collectiveMovementAndObstacles/Obstacle-avoiding-agents/data/data20201020/ParameterSet152/Rep39.mat,5,33,0,0.01,10,7,1,1,5,10,0.6,1,1,2,1,20,1,1,267.186666666569,267.449999999902,3,0.3,10,3
/Users/helen/Documents/JSMFpostdoc/projects/collectiveMovementAndObstacles/Obstacle-avoiding-agents/data/data20201020/ParameterSet152/Rep4.mat,5,34,0,0.01,10,7,1,1,5,10,0.6,1,1,2,1,20,1,1,132.441000000025,133.210000000024,10,1,10,10
/Users/helen/Documents/JSMFpostdoc/projects/collectiveMovementAndObstacles/Obstacle-avoiding-agents/data/data20201020/ParameterSet152/Rep40.mat,5,35,0,0.01,10,7,1,1,5,10,0.6,1,1,2,1,20,1,1,49.6749999999987,49.6749999999987,2,0.2,3,2
/Users/helen/Documents/JSMFpostdoc/projects/collectiveMovementAndObstacles/Obstacle-avoiding-agents/data/data20201020/ParameterSet152/Rep41.mat,5,36,0,0.01,10,7,1,1,5,10,0.6,1,1,2,1,20,1,1,150.297500000008,149.845000000009,4,0.4,3,4
/Users/helen/Documents/JSMFpostdoc/projects/collectiveMovementAndObstacles/Obstacle-avoiding-agents/data/data20201020/ParameterSet152/Rep42.mat,5,37,0,0.01,10,7,1,1,5,10,0.6,1,1,2,1,20,1,1,134.043000000023,133.355000000024,10,1,3,10
/Users/helen/Documents/JSMFpostdoc/projects/collectiveMovementAndObstacles/Obstacle-avoiding-agents/data/data20201020/ParameterSet152/Rep43.mat,5,38,0,0.01,10,7,1,1,5,10,0.6,1,1,2,1,20,1,1,NaN,NaN,0,0,8,0
/Users/helen/Documents/JSMFpostdoc/projects/collectiveMovementAndObstacles/Obstacle-avoiding-agents/data/data20201020/ParameterSet152/Rep44.mat,5,39,0,0.01,10,7,1,1,5,10,0.6,1,1,2,1,20,1,1,245.919999999921,245.079999999922,6,0.6,9,6
/Users/helen/Documents/JSMFpostdoc/projects/collectiveMovementAndObstacles/Obstacle-avoiding-agents/data/data20201020/ParameterSet152/Rep45.mat,5,40,0,0.01,10,7,1,1,5,10,0.6,1,1,2,1,20,1,1,201.759999999961,201.759999999961,2,0.2,4,2
/Users/helen/Documents/JSMFpostdoc/projects/collectiveMovementAndObstacles/Obstacle-avoiding-agents/data/data20201020/ParameterSet152/Rep46.mat,5,41,0,0.01,10,7,1,1,5,10,0.6,1,1,2,1,20,1,1,NaN,NaN,0,0,0,0
/Users/helen/Documents/JSMFpostdoc/projects/collectiveMovementAndObstacles/Obstacle-avoiding-agents/data/data20201020/ParameterSet152/Rep47.mat,5,42,0,0.01,10,7,1,1,5,10,0.6,1,1,2,1,20,1,1,118.990000000024,119.185000000024,10,1,6,10
/Users/helen/Documents/JSMFpostdoc/projects/collectiveMovementAndObstacles/Obstacle-avoiding-agents/data/data20201020/ParameterSet152/Rep48.mat,5,43,0,0.01,10,7,1,1,5,10,0.6,1,1,2,1,20,1,1,149.912222222221,159.52,9,0.9,4,9
/Users/helen/Documents/JSMFpostdoc/projects/collectiveMovementAndObstacles/Obstacle-avoiding-agents/data/data20201020/ParameterSet152/Rep49.mat,5,44,0,0.01,10,7,1,1,5,10,0.6,1,1,2,1,20,1,1,NaN,NaN,0,0,7,0
/Users/helen/Documents/JSMFpostdoc/projects/collectiveMovementAndObstacles/Obstacle-avoiding-agents/data/data20201020/ParameterSet152/Rep5.mat,5,45,0,0.01,10,7,1,1,5,10,0.6,1,1,2,1,20,1,1,NaN,NaN,0,0,4,7
/Users/helen/Documents/JSMFpostdoc/projects/collectiveMovementAndObstacles/Obstacle-avoiding-agents/data/data20201020/ParameterSet152/Rep50.mat,5,46,0,0.01,10,7,1,1,5,10,0.6,1,1,2,1,20,1,1,NaN,NaN,0,0,4,0
/Users/helen/Documents/JSMFpostdoc/projects/collectiveMovementAndObstacles/Obstacle-avoiding-agents/data/data20201020/ParameterSet152/Rep6.mat,5,47,0,0.01,10,7,1,1,5,10,0.6,1,1,2,1,20,1,1,152.970000000006,152.595000000006,10,1,6,10
/Users/helen/Documents/JSMFpostdoc/projects/collectiveMovementAndObstacles/Obstacle-avoiding-agents/data/data20201020/ParameterSet152/Rep7.mat,5,48,0,0.01,10,7,1,1,5,10,0.6,1,1,2,1,20,1,1,NaN,NaN,0,0,8,0
/Users/helen/Documents/JSMFpostdoc/projects/collectiveMovementAndObstacles/Obstacle-avoiding-agents/data/data20201020/ParameterSet152/Rep8.mat,5,49,0,0.01,10,7,1,1,5,10,0.6,1,1,2,1,20,1,1,149.769000000004,155.085000000004,10,1,7,10
/Users/helen/Documents/JSMFpostdoc/projects/collectiveMovementAndObstacles/Obstacle-avoiding-agents/data/data20201020/ParameterSet152/Rep9.mat,5,50,0,0.01,10,7,1,1,5,10,0.6,1,1,2,1,20,1,1,NaN,NaN,0,0,2,0
/Users/helen/Documents/JSMFpostdoc/projects/collectiveMovementAndObstacles/Obstacle-avoiding-agents/data/data20201020/ParameterSet153/Rep1.mat,6,1,0,0.01,10,7,1,1,5,10,0.6,1,1,2,1,50,1,1,279.340999999891,286.374999999885,10,1,10,10
/Users/helen/Documents/JSMFpostdoc/projects/collectiveMovementAndObstacles/Obstacle-avoiding-agents/data/data20201020/ParameterSet153/Rep10.mat,6,2,0,0.01,10,7,1,1,5,10,0.6,1,1,2,1,50,1,1,290.83299999988,293.304999999878,10,1,10,10
/Users/helen/Documents/JSMFpostdoc/projects/collectiveMovementAndObstacles/Obstacle-avoiding-agents/data/data20201020/ParameterSet153/Rep11.mat,6,3,0,0.01,10,7,1,1,5,10,0.6,1,1,2,1,50,1,1,93.596000000011,99.1700000000138,10,1,8,10
/Users/helen/Documents/JSMFpostdoc/projects/collectiveMovementAndObstacles/Obstacle-avoiding-agents/data/data20201020/ParameterSet153/Rep12.mat,6,4,0,0.01,10,7,1,1,5,10,0.6,1,1,2,1,50,1,1,113.372000000021,112.975000000021,10,1,4,10
/Users/helen/Documents/JSMFpostdoc/projects/collectiveMovementAndObstacles/Obstacle-avoiding-agents/data/data20201020/ParameterSet153/Rep13.mat,6,5,0,0.01,10,7,1,1,5,10,0.6,1,1,2,1,50,1,1,127.764000000025,129.225000000027,10,1,10,10
/Users/helen/Documents/JSMFpostdoc/projects/collectiveMovementAndObstacles/Obstacle-avoiding-agents/data/data20201020/ParameterSet153/Rep14.mat,6,6,0,0.01,10,7,1,1,5,10,0.6,1,1,2,1,50,1,1,147.708000000011,147.445000000011,10,1,10,10
/Users/helen/Documents/JSMFpostdoc/projects/collectiveMovementAndObstacles/Obstacle-avoiding-agents/data/data20201020/ParameterSet153/Rep15.mat,6,7,0,0.01,10,7,1,1,5,10,0.6,1,1,2,1,50,1,1,72.0229999999999,71.5399999999997,10,1,5,10
/Users/helen/Documents/JSMFpostdoc/projects/collectiveMovementAndObstacles/Obstacle-avoiding-agents/data/data20201020/ParameterSet153/Rep16.mat,6,8,0,0.01,10,7,1,1,5,10,0.6,1,1,2,1,50,1,1,217.318999999947,216.764999999948,10,1,10,10
/Users/helen/Documents/JSMFpostdoc/projects/collectiveMovementAndObstacles/Obstacle-avoiding-agents/data/data20201020/ParameterSet153/Rep17.mat,6,9,0,0.01,10,7,1,1,5,10,0.6,1,1,2,1,50,1,1,177.424999999984,177.119999999984,10,1,10,10
/Users/helen/Documents/JSMFpostdoc/projects/collectiveMovementAndObstacles/Obstacle-avoiding-agents/data/data20201020/ParameterSet153/Rep18.mat,6,10,0,0.01,10,7,1,1,5,10,0.6,1,1,2,1,50,1,1,NaN,NaN,0,0,10,0
/Users/helen/Documents/JSMFpostdoc/projects/collectiveMovementAndObstacles/Obstacle-avoiding-agents/data/data20201020/ParameterSet153/Rep19.mat,6,11,0,0.01,10,7,1,1,5,10,0.6,1,1,2,1,50,1,1,267.131999999902,267.099999999902,10,1,10,10
/Users/helen/Documents/JSMFpostdoc/projects/collectiveMovementAndObstacles/Obstacle-avoiding-agents/data/data20201020/ParameterSet153/Rep2.mat,6,12,0,0.01,10,7,1,1,5,10,0.6,1,1,2,1,50,1,1,166.851999999993,166.144999999994,10,1,10,10
/Users/helen/Documents/JSMFpostdoc/projects/collectiveMovementAndObstacles/Obstacle-avoiding-agents/data/data20201020/ParameterSet153/Rep20.mat,6,13,0,0.01,10,7,1,1,5,10,0.6,1,1,2,1,50,1,1,197.505999999955,222.384999999943,10,1,7,10
/Users/helen/Documents/JSMFpostdoc/projects/collectiveMovementAndObstacles/Obstacle-avoiding-agents/data/data20201020/ParameterSet153/Rep21.mat,6,14,0,0.01,10,7,1,1,5,10,0.6,1,1,2,1,50,1,1,101.506000000015,100.625000000015,10,1,7,10
/Users/helen/Documents/JSMFpostdoc/projects/collectiveMovementAndObstacles/Obstacle-avoiding-agents/data/data20201020/ParameterSet153/Rep22.mat,6,15,0,0.01,10,7,1,1,5,10,0.6,1,1,2,1,50,1,1,NaN,NaN,0,0,10,0
/Users/helen/Documents/JSMFpostdoc/projects/collectiveMovementAndObstacles/Obstacle-avoiding-agents/data/data20201020/ParameterSet153/Rep23.mat,6,16,0,0.01,10,7,1,1,5,10,0.6,1,1,2,1,50,1,1,118.455000000024,118.945000000024,10,1,10,10
/Users/helen/Documents/JSMFpostdoc/projects/collectiveMovementAndObstacles/Obstacle-avoiding-agents/data/data20201020/ParameterSet153/Rep24.mat,6,17,0,0.01,10,7,1,1,5,10,0.6,1,1,2,1,50,1,1,142.771000000015,141.565000000016,10,1,10,10
/Users/helen/Documents/JSMFpostdoc/projects/collectiveMovementAndObstacles/Obstacle-avoiding-agents/data/data20201020/ParameterSet153/Rep25.mat,6,18,0,0.01,10,7,1,1,5,10,0.6,1,1,2,1,50,1,1,187.914999999954,244.579999999923,8,0.8,9,8
/Users/helen/Documents/JSMFpostdoc/projects/collectiveMovementAndObstacles/Obstacle-avoiding-agents/data/data20201020/ParameterSet153/Rep26.mat,6,19,0,0.01,10,7,1,1,5,10,0.6,1,1,2,1,50,1,1,279.494999999891,279.304999999891,10,1,10,10
/Users/helen/Documents/JSMFpostdoc/projects/collectiveMovementAndObstacles/Obstacle-avoiding-agents/data/data20201020/ParameterSet153/Rep27.mat,6,20,0,0.01,10,7,1,1,5,10,0.6,1,1,2,1,50,1,1,144.550000000014,143.830000000014,10,1,9,10
/Users/helen/Documents/JSMFpostdoc/projects/collectiveMovementAndObstacles/Obstacle-avoiding-agents/data/data20201020/ParameterSet153/Rep28.mat,6,21,0,0.01,10,7,1,1,5,10,0.6,1,1,2,1,50,1,1,73.8400000000009,73.8400000000009,2,0.2,8,10
/Users/helen/Documents/JSMFpostdoc/projects/collectiveMovementAndObstacles/Obstacle-avoiding-agents/data/data20201020/ParameterSet153/Rep29.mat,6,22,0,0.01,10,7,1,1,5,10,0.6,1,1,2,1,50,1,1,188.748999999963,203.07999999996,10,1,9,10
/Users/helen/Documents/JSMFpostdoc/projects/collectiveMovementAndObstacles/Obstacle-avoiding-agents/data/data20201020/ParameterSet153/Rep3.mat,6,23,0,0.01,10,7,1,1,5,10,0.6,1,1,2,1,50,1,1,118.985000000024,118.520000000024,10,1,10,10
/Users/helen/Documents/JSMFpostdoc/projects/collectiveMovementAndObstacles/Obstacle-avoiding-agents/data/data20201020/ParameterSet153/Rep30.mat,6,24,0,0.01,10,7,1,1,5,10,0.6,1,1,2,1,50,1,1,133.702500000013,143.730000000014,4,0.4,10,4
/Users/helen/Documents/JSMFpostdoc/projects/collectiveMovementAndObstacles/Obstacle-avoiding-agents/data/data20201020/ParameterSet153/Rep31.mat,6,25,0,0.01,10,7,1,1,5,10,0.6,1,1,2,1,50,1,1,99.6300000000141,99.6250000000141,10,1,9,10
/Users/helen/Documents/JSMFpostdoc/projects/collectiveMovementAndObstacles/Obstacle-avoiding-agents/data/data20201020/ParameterSet153/Rep32.mat,6,26,0,0.01,10,7,1,1,5,10,0.6,1,1,2,1,50,1,1,153.065000000006,153.080000000006,10,1,8,10
/Users/helen/Documents/JSMFpostdoc/projects/collectiveMovementAndObstacles/Obstacle-avoiding-agents/data/data20201020/ParameterSet153/Rep33.mat,6,27,0,0.01,10,7,1,1,5,10,0.6,1,1,2,1,50,1,1,82.6150000000054,81.4400000000048,10,1,5,10
/Users/helen/Documents/JSMFpostdoc/projects/collectiveMovementAndObstacles/Obstacle-avoiding-agents/data/data20201020/ParameterSet153/Rep34.mat,6,28,0,0.01,10,7,1,1,5,10,0.6,1,1,2,1,50,1,1,NaN,NaN,0,0,10,0
/Users/helen/Documents/JSMFpostdoc/projects/collectiveMovementAndObstacles/Obstacle-avoiding-agents/data/data20201020/ParameterSet153/Rep35.mat,6,29,0,0.01,10,7,1,1,5,10,0.6,1,1,2,1,50,1,1,160.485999999995,167.104999999993,10,1,10,10
/Users/helen/Documents/JSMFpostdoc/projects/collectiveMovementAndObstacles/Obstacle-avoiding-agents/data/data20201020/ParameterSet153/Rep36.mat,6,30,0,0.01,10,7,1,1,5,10,0.6,1,1,2,1,50,1,1,153.866000000005,153.790000000005,10,1,10,10
/Users/helen/Documents/JSMFpostdoc/projects/collectiveMovementAndObstacles/Obstacle-avoiding-agents/data/data20201020/ParameterSet153/Rep37.mat,6,31,0,0.01,10,7,1,1,5,10,0.6,1,1,2,1,50,1,1,114.392000000022,113.365000000021,10,1,4,10
/Users/helen/Documents/JSMFpostdoc/projects/collectiveMovementAndObstacles/Obstacle-avoiding-agents/data/data20201020/ParameterSet153/Rep38.mat,6,32,0,0.01,10,7,1,1,5,10,0.6,1,1,2,1,50,1,1,163.894999999953,163.649999999953,4,0.4,8,4
/Users/helen/Documents/JSMFpostdoc/projects/collectiveMovementAndObstacles/Obstacle-avoiding-agents/data/data20201020/ParameterSet153/Rep39.mat,6,33,0,0.01,10,7,1,1,5,10,0.6,1,1,2,1,50,1,1,143.294000000015,142.600000000015,10,1,10,10
/Users/helen/Documents/JSMFpostdoc/projects/collectiveMovementAndObstacles/Obstacle-avoiding-agents/data/data20201020/ParameterSet153/Rep4.mat,6,34,0,0.01,10,7,1,1,5,10,0.6,1,1,2,1,50,1,1,104.796000000017,104.300000000016,10,1,8,10
/Users/helen/Documents/JSMFpostdoc/projects/collectiveMovementAndObstacles/Obstacle-avoiding-agents/data/data20201020/ParameterSet153/Rep40.mat,6,35,0,0.01,10,7,1,1,5,10,0.6,1,1,2,1,50,1,1,134.673000000011,145.535000000013,10,1,10,10
/Users/helen/Documents/JSMFpostdoc/projects/collectiveMovementAndObstacles/Obstacle-avoiding-agents/data/data20201020/ParameterSet153/Rep41.mat,6,36,0,0.01,10,7,1,1,5,10,0.6,1,1,2,1,50,1,1,126.549000000018,134.800000000022,10,1,8,10
/Users/helen/Documents/JSMFpostdoc/projects/collectiveMovementAndObstacles/Obstacle-avoiding-agents/data/data20201020/ParameterSet153/Rep42.mat,6,37,0,0.01,10,7,1,1,5,10,0.6,1,1,2,1,50,1,1,168.606999999992,168.559999999992,10,1,6,10
/Users/helen/Documents/JSMFpostdoc/projects/collectiveMovementAndObstacles/Obstacle-avoiding-agents/data/data20201020/ParameterSet153/Rep43.mat,6,38,0,0.01,10,7,1,1,5,10,0.6,1,1,2,1,50,1,1,126.975000000027,126.485000000028,10,1,10,10
/Users/helen/Documents/JSMFpostdoc/projects/collectiveMovementAndObstacles/Obstacle-avoiding-agents/data/data20201020/ParameterSet153/Rep44.mat,6,39,0,0.01,10,7,1,1,5,10,0.6,1,1,2,1,50,1,1,200.811999999962,200.379999999963,10,1,10,10
/Users/helen/Documents/JSMFpostdoc/projects/collectiveMovementAndObstacles/Obstacle-avoiding-agents/data/data20201020/ParameterSet153/Rep45.mat,6,40,0,0.01,10,7,1,1,5,10,0.6,1,1,2,1,50,1,1,134.957000000013,141.455000000016,10,1,9,10
/Users/helen/Documents/JSMFpostdoc/projects/collectiveMovementAndObstacles/Obstacle-avoiding-agents/data/data20201020/ParameterSet153/Rep46.mat,6,41,0,0.01,10,7,1,1,5,10,0.6,1,1,2,1,50,1,1,134.548000000023,134.690000000022,10,1,10,10
/Users/helen/Documents/JSMFpostdoc/projects/collectiveMovementAndObstacles/Obstacle-avoiding-agents/data/data20201020/ParameterSet153/Rep47.mat,6,42,0,0.01,10,7,1,1,5,10,0.6,1,1,2,1,50,1,1,101.924000000015,102.050000000015,5,0.5,8,5
/Users/helen/Documents/JSMFpostdoc/projects/collectiveMovementAndObstacles/Obstacle-avoiding-agents/data/data20201020/ParameterSet153/Rep48.mat,6,43,0,0.01,10,7,1,1,5,10,0.6,1,1,2,1,50,1,1,201.195999999962,201.059999999962,10,1,10,10
/Users/helen/Documents/JSMFpostdoc/projects/collectiveMovementAndObstacles/Obstacle-avoiding-agents/data/data20201020/ParameterSet153/Rep49.mat,6,44,0,0.01,10,7,1,1,5,10,0.6,1,1,2,1,50,1,1,147.001666666652,102.400000000015,6,0.6,10,6
/Users/helen/Documents/JSMFpostdoc/projects/collectiveMovementAndObstacles/Obstacle-avoiding-agents/data/data20201020/ParameterSet153/Rep5.mat,6,45,0,0.01,10,7,1,1,5,10,0.6,1,1,2,1,50,1,1,111.251111111131,110.77000000002,9,0.9,5,9
/Users/helen/Documents/JSMFpostdoc/projects/collectiveMovementAndObstacles/Obstacle-avoiding-agents/data/data20201020/ParameterSet153/Rep50.mat,6,46,0,0.01,10,7,1,1,5,10,0.6,1,1,2,1,50,1,1,54.2716666666644,54.2349999999978,6,0.6,1,6
/Users/helen/Documents/JSMFpostdoc/projects/collectiveMovementAndObstacles/Obstacle-avoiding-agents/data/data20201020/ParameterSet153/Rep6.mat,6,47,0,0.01,10,7,1,1,5,10,0.6,1,1,2,1,50,1,1,84.6210000000064,84.3750000000063,10,1,8,10
/Users/helen/Documents/JSMFpostdoc/projects/collectiveMovementAndObstacles/Obstacle-avoiding-agents/data/data20201020/ParameterSet153/Rep7.mat,6,48,0,0.01,10,7,1,1,5,10,0.6,1,1,2,1,50,1,1,149.580000000009,149.380000000009,10,1,10,10
/Users/helen/Documents/JSMFpostdoc/projects/collectiveMovementAndObstacles/Obstacle-avoiding-agents/data/data20201020/ParameterSet153/Rep8.mat,6,49,0,0.01,10,7,1,1,5,10,0.6,1,1,2,1,50,1,1,213.154999999951,212.734999999951,10,1,10,10
/Users/helen/Documents/JSMFpostdoc/projects/collectiveMovementAndObstacles/Obstacle-avoiding-agents/data/data20201020/ParameterSet153/Rep9.mat,6,50,0,0.01,10,7,1,1,5,10,0.6,1,1,2,1,50,1,1,58.177999999997,58.4599999999969,10,1,0,10
